Card#,Title,Artist,Year,URL,Hashed Info,Youtube-Title,ISRC
1,If You Leave Me Now,Chicago,1976,https://www.youtube.com/watch?v=-9_d-sFhmRM,1eabc29ea89ef03c558e4220ba9e799eed808640ca4bd8f01c0e87e47398aaad,Chicago - If You Leave Me Now (Official Audio),USRH10285535
2,I Wanna Dance with Somebody (Who Loves Me),Whitney Houston,1987,https://www.youtube.com/watch?v=eH3giaIzONA,5e84556ee3b72e0e40de982af691b150bba49f6589b40e803f8f4265658d1247,Whitney Houston - I Wanna Dance With Somebody (Official 4K Video),USAR18700121
3,Super Freak,Rick James,1981,https://www.youtube.com/watch?v=QYHxGBH6o4M,808e4dd12428fe34155efd3097e2cc4ba285eb8c62d4d9845356f3fd72f479ed,Rick James - Super Freak (Official Music Video),USMO18100048
4,(What A) Wonderful World - Mono,Sam Cooke,1960,https://www.youtube.com/watch?v=R4GLAKEjU4w,91124220bb99da989fc572f9c5a3e6ee3b6c7049138b4d3d86d9719dfbe53b69,Sam Cooke - What A Wonderful World (Official Lyric Video),USA171920056
5,Cheap Thrills,Sia,2015,https://www.youtube.com/watch?v=31crA53Dgu0,e26a26114d3a7f397cdfa2184f35fad1ab7f7c6cad932170028da29665f73934,Sia - Cheap Thrills (Performance Edit),USRC11502935
6,Wrecking Ball,Miley Cyrus,2013,https://www.youtube.com/watch?v=mRFHAvdwXXs,cc934e38d3ffe97b15410dce07a64508e537811ece7ff22b4ea6d622e997b432,Miley Cyrus - Wrecking Ball (Audio),USRC11301214
7,Year 3000,Busted,2002,https://www.youtube.com/watch?v=Tu7HoGZaspo,e63ab49815733861dd2b7601b973929c30f4307fa3cd85ffc84d7f9e17f7119c,Busted - Year 3000,GBAAN0201145
8,Step On,Happy Mondays,1990,https://www.youtube.com/watch?v=mFBQ0PH5rM4,44ae2d5f2d3342f5dc7f75d02b50f46c66cc20a85672ac94887c185978de3a40,Happy Mondays - Step On (Official Video),GBAAP0700180
9,Groove Is in the Heart,Deee-Lite,1990,https://www.youtube.com/watch?v=etviGf1uWlg,b6f81b6b946b04c622882831741695538d7e96fac76e34ecee913131bce0b047,Deee-Lite - Groove Is In The Heart (Official Video),USEE19687204
10,Afternoon Delight,Starland Vocal Band,1976,https://www.youtube.com/watch?v=7JtCA0esyOU,45e23f8ed3c8c4302228e843ae6a2aad7568ebb7317fb8cd3a528443f5e57ea8,Starland Vocal Band - Afternoon Delight (1976) (Official Video),USRZR0491708
11,Get Back,The Beatles,1969,https://www.youtube.com/watch?v=IKJqecxswCA,b12dd7b6e9220731f1f15d62178c054e03b47fcca77a7aa1735479080fe5a824,Get Back (Remastered 2009),GBAYE0601719
12,Another Day in Paradise,Phil Collins,1989,https://www.youtube.com/watch?v=eaFlJQGtBeM,b6b387d955083e3128655438bfc65ad4c38d45d9f126d90baa74272b1cdd303b,Phil Collins - Another Day In Paradise [Audio HQ] HD,USRH11602150
13,This Charming Man,The Smiths,1984,https://www.youtube.com/watch?v=cJRP3LRcUFg,692dfde4ae78dc1618e47ac72e6ec00662947c89fbf0273275a665f484b345a0,The Smiths - This Charming Man (Official Music Video),GBCRL1100240
14,Like a Virgin,Madonna,1984,https://www.youtube.com/watch?v=s__rX_WL100,926253d15ae0fe956a4e7ba11f3521cc9b6f4e5dc50393c68292973b5a97eb44,Madonna - Like A Virgin (Official Video),USWB10002748
15,Achy Breaky Heart,Billy Ray Cyrus,1992,https://www.youtube.com/watch?v=vDjbZVawd68,51f288bd7bc57c1054a0458d70d801359ebcee14903c4b453b9c6eb4fdf6e65e,Achy Breaky Heart,USPG19290113
16,Gold Digger,Kanye West,2005,https://www.youtube.com/watch?v=6vwNcNOTVzY,11fcc3bdfc45a895b6510a46633c4df19d9851b2bd71a2064d68f0fb05befb34,Kanye West - Gold Digger ft. Jamie Foxx,USUM70500143
17,Sweet Dreams (Are Made of This),Eurythmics,1983,https://www.youtube.com/watch?v=eRhg7qPLeN8,9632d17980e82844dbd423b864015739bbf563749f438dd62a1783fc0b726fd9,Sweet Dreams (Are Made of This) (2005 Remaster),GBARL0300589
18,Fast Car,Tracy Chapman,1988,https://www.youtube.com/watch?v=AIOAlaACuv4,f725ae6d64a1b8d739ff2495663ed9af00babc422df55f993f4f5e71b80c965e,Tracy Chapman - Fast Car (Official Music Video),USEE10180719
19,Human,Rag'n'Bone Man,2017,https://www.youtube.com/watch?v=L3wKzyIN1yk,fe48b3bcc88a98734d90496db0a7ade58108e72e8cecbcfd2f2bd797eaa814bf,Rag'n'Bone Man - Human (Official Video),GBARL1600665
20,Itsy Bitsy Teenie Weenie Yellow Polka Dot Bikini,Brian Hyland,1960,https://www.youtube.com/watch?v=n56E3kScoN8,c840052b9b4f3f95235356d1ec554c0aedd4489c7f94b7265c0c7b75501b1518,Itsy Bitsy Teenie Weenie Yellow Polka Dot Bikini,USMC16051029
21,Shut Up,Stormzy,2017,https://www.youtube.com/watch?v=l755aFfkcWs,532dc39872957d5c7d10918aee40642eac57a60c00d8b59147558e86309b8dd2,Stormzy - Shut Up ,GBLFP1599790
22,Blurred Lines,Robin Thicke,2013,https://www.youtube.com/watch?v=yyDUC1LUXSU,4772029e00144ddbd7befccb09eb74aa3c79e8968ea95111c8ac73f2f7c33ea3,Robin Thicke - Blurred Lines ft. T.I.; Pharrell,USUM71302150
23,The Locomotion,Little Eva,1962,https://www.youtube.com/watch?v=24Neyv2crh4,24cf5c052069f86a7705eedc2f2c066cf36fa19078306862a9c3750cc7d8831f,Little Eva - The Locomotion,GBAYE6200144
24,Wait so Long,Trampled by Turtles,2010,https://www.youtube.com/watch?v=vGh-EvmZVCQ,711db2543ecabc16070eeae2189379439d78bbe4813b346bfbf25dbd23a7c57c,Trampled by Turtles - Wait So Long,USX6D1000001
25,Cigarettes & Alcohol,Oasis,1994,https://www.youtube.com/watch?v=LKt5swwchoM,858de275c99ddf05b8ec9bac322442b70dea45a49949ef65b4882b8f1a860299,Cigarettes & Alcohol (Remastered),GBAAW9402021
26,Back for Good,Take That,1995,https://www.youtube.com/watch?v=N2ICtCO8TCw,92fa212fba71ce8181419ca40ca0c5c9f9405aac25abe25f95b711daeb014fd5,Take That - Back for Good (Official Video),GBARL9500020
27,Black Beatles,Rae Sremmurd,2016,https://www.youtube.com/watch?v=b8m9zhNAgKs,174e95b79aa16e40f3797cf469924a0f1e2c64c603f66ce8aa9d4cab12b1f0ef,Rae Sremmurd - Black Beatles ft. Gucci Mane (Official Video),USUM71603293
28,Don't You Want Me,The Human League,1981,https://www.youtube.com/watch?v=uPudE8nDog0,e6eb29fff4deccee9d822d9e334bed88e0f737ffa6a820401b6ad0ec1628f929,The Human League - Don't You Want Me (Official Music Video),GBAAA0200924
29,Seven Nation Army,The White Stripes,2003,https://www.youtube.com/watch?v=0J2QdDbelmY,d3694643ec152040677f55efe88fb31a430adf4f043ca988f8bdefb498a0ce0e,The White Stripes - Seven Nation Army (Official Music Video),USVT10300001
30,More Than a Feeling,Boston,1976,https://www.youtube.com/watch?v=zOILAZHf2pE,662ee489dd1a8c2ac88949662cfa059f3bf5d036c8915aa9ae15e24a5dd562dc,Boston - More Than A Feeling - Remastered,USSM17600941
31,Crank That (Soulja Boy),Soulja Boy,2007,https://www.youtube.com/watch?v=8UFIYGkROII,4a881baadb659eb0d6f66cb0bc068468875d5d526655b7c589acc53f0808b5fe,Soulja Boy Tell'em - Crank That (Soulja Boy) (Official Music Video),USUM70742048
32,You Can't Hurry Love,The Supremes,1966,https://www.youtube.com/watch?v=ovoBi3pXD_A,fc2d23805de89b0143f281a9bc7e651a98f290abacf8cd8ad88dc21aea35e4d6,The Supremes - You Can't Hurry Love (Lyric Video),USMO16600346
33,Going Underground,The Jam,1979,https://www.youtube.com/watch?v=AE1ct5yEuVY,9d52184341bb7b2d69560f59bd83ce99d1144e80570796ce350c2819bbd0204b,The Jam - Going Underground,GBAKW8001001
34,Ballroom Blitz,Sweet,1973,https://www.youtube.com/watch?v=tzuYT2VPsY8,e8ad47a0974a45d7ab4deea2cbeeb2cfc4ed660babd9f63c8da827bc718152f3,Ballroom Blitz,USCA28800090
35,Perfect Day,Lou Reed,1972,https://www.youtube.com/watch?v=9wxI4KK9ZYo,4c9c1f7ea6741dccb03558735f5c90a9f8812349dceef49b9a205d0375348feb,Lou Reed - Perfect Day (Official Audio),USRC17201946
36,Boys Don't Cry,The Cure,1979,https://www.youtube.com/watch?v=9GkVhgIeGJQ,d8203defe683ba4a4d160dd48e6735be98bbba36cd31b69d7c1df175f6347c6a,The Cure - Boys Don't Cry (Official Music Video) [HD],GBALB7800001
37,Never Gonna Give You Up,Rick Astley,1987,https://www.youtube.com/watch?v=dQw4w9WgXcQ,efa0cf5d3eb7dc217cb21290b1ab6b6ba1e5a4d4c673a3da861ee76ec4c35079,Rick Astley - Never Gonna Give You Up (Official Video) (4K Remaster),GBARL9300135
38,Funkytown,Lipps Inc.,1979,https://www.youtube.com/watch?v=hbp53NNBzTw,eb2b1c158ffa48f167b094dd5ebfdb8a3ff57de0fa8d9e5127add354b34218ca,Funkytown,USPR37902457
39,Road to Nowhere,Talking Heads,1985,https://www.youtube.com/watch?v=LQiOA7euaYA,6de41e57e82857ab58de365549485f109481b2f33e8e73d04e0c662ecf01f082,Talking Heads - Road to Nowhere (Official Video),GB01A0500079
40,Toosie Slide,Drake,2020,https://www.youtube.com/watch?v=x7IBEq9iOkc,37b93cfa77360a1807f71809c7f123965ed9d97bcf7693b5369cd75ee98bd110,Drake - Toosie Slide (Lyrics),USUG12001282
41,Mr. Vain,Culture Beat,1993,https://www.youtube.com/watch?v=VAmq5-wcLHE,66f01088a5ee4c7b5dff70303aff4b45174511c94aae748d827f52a830a6a092,Mr. Vain (Original Radio Edit),DEPT99300133
42,Sweet Child O' Mine,Guns N' Roses,1987,https://www.youtube.com/watch?v=1w7OgIMMRc4,8bbb3d50902f23f1d517b1e11021a6ce06eabef12796645bc49fab8f3c86b9f2,Guns N' Roses - Sweet Child O' Mine (Official Music Video),USGF18714809
43,Don't Stop Believin',Journey,1981,https://www.youtube.com/watch?v=VcjzHMhBtf0,b99122c32f4adb7ddbfcc4bda69bf4a8c90fa91783379f814e992ac789ca231d,Journey - Don't Stop Believin' (Live 1981: Escape Tour - 2022 HD ,USSM18100116
44,Genie In a Bottle,Christina Aguilera,1999,https://www.youtube.com/watch?v=kIDWgqDBNXA,cc8aedb31c217d8fb7de7985e4f5de12c1d6a6a96ee99a186d02eea8dfc0aab0,Christina Aguilera - Genie In A Bottle (Official Video),USRC19900032
45,Respect,Aretha Franklin,1967,https://www.youtube.com/watch?v=A134hShx_gw,399934796daa9b1797d7670c43194776801636f7494fc07a50efe5f03ba67517,Aretha Franklin - Respect (Official Lyric Video),USAT20801240
46,Take Me Out,Franz Ferdinand,2004,https://www.youtube.com/watch?v=Ijk4j-r7qPA,4160d56d73aecd1a761c974f6b2c6bd20323368641665a5562811039cb0d0f20,Franz Ferdinand - Take Me Out (Video),GBCEL0300192
47,"Bad, Bad Leroy Brown",Jim Croce,1973,https://www.youtube.com/watch?v=JzYf6qskdfA,be7afccb3d801d31918604b25f27b9eea009e21683b5b9b1cc196301d42ac1d8,"Bad, Bad Leroy Brown",GBAJE7100650
48,Fly Away,Lenny Kravitz,1998,https://www.youtube.com/watch?v=EvuL5jyCHOw,22ac06d7b5f66eae30835879a0bfa2e76c072dcff6334dfebf8755b09c199d33,Lenny Kravitz - Fly Away (Official Music Video),USVI29800169
49,Faith,George Michael,1987,https://www.youtube.com/watch?v=6Cs3Pvmmv0E,89ac64703c7ab0b567af4ea135d1e875c239e42a852dab5ad6855eaf7fc04a8f,George Michael - Faith (Official Video),GBARL1000855
50,You're Beautiful,James Blunt,2005,https://www.youtube.com/watch?v=i0N4hmT0NLw,c2cbfbaf9350b30d338e39c86b81c0d077398423671fb92e905f6ccd4247d534,You're Beautiful,USAT20401588
51,In the Mood,Glenn Miller,1939,https://www.youtube.com/watch?v=dVh3ZzVDZik,73bfedf03a515d6352edfadd88d3f70567a3c4982c8759acebcdd557019095eb,Glenn Miller - In the Mood (Audio),USBB10200858
52,bad guy,Billie Eilish,2019,https://www.youtube.com/watch?v=DyDfgMOUjCI,d2bfdd051a6ac99c558541d25c60a668fd3eae9359f3750780da9d2f4be3f473,Billie Eilish - bad guy,USUM71900764
53,Fireflies,Owl City,2009,https://www.youtube.com/watch?v=QBgl4rVz3Ks,ef6df7d4c2f07b74b785109a3902333072d9c5869548d6d15338cc0463e12798,Owl City - Fireflies (Lyrics),USUM70972068
54,Stayin' Alive,Bee Gees,1977,https://www.youtube.com/watch?v=fNFzfwLM72c,200914878307402433eb90316e18dc14617e3658282fa0a3500b9b5653f36457,Bee Gees - Stayin' Alive (Official Music Video),GBA077700130
55,Born To Be Wild,Steppenwolf,1968,https://www.youtube.com/watch?v=J7A1pauduXU,f5d8a9fd691a9935f3962e33fc9b323035150caab4022ce021f22a99af4339ff,Steppenwolf - Born To Be Wild  (Official Music Video),USMC16846563
56,Can't Stand Me Now,The Libertines,2004,https://www.youtube.com/watch?v=CqM11bt9QvI,bc791acf9c6eaa8e62ec4498508a3f02fa0a6e1f88b72ceacedde7f9c717ec8c,The Libertines - Can't Stand Me Now (Official Video),GBCVZ0300863
57,Parklife,Blur,1994,https://www.youtube.com/watch?v=YSuHrTfcikU,7c586eee8ce1f7c844a122bae5de3098e924030f97d4907b4122bf53cc1c46da,Blur - Parklife (Official 4K Music Video),GBAYE1200577
58,Royals,Lorde,2012,https://www.youtube.com/watch?v=nlcIKh6sBtc,e4c9b66057e248f5b33a4872bd6e6fabfdc1cc893543037f5a12cd1abada3424,Lorde - Royals (US Version),NZUM71200031
59,Bitter Sweet Symphony,The Verve,1997,https://www.youtube.com/watch?v=1lyu1KKwC74,bc487057389be8a9756812a9fe0f147f9477c47bf1a9f651963558bb49356f33,The Verve - Bitter Sweet Symphony,GBUM71601816
60,Timber,Pitbull,2013,https://www.youtube.com/watch?v=hHUbLv4ThOo,11bad1fa5531e9b0184def6a5096c08b25d234097bd3e6a6e5c775ec151a83ac,Pitbull; Ke$ha - Timber (featuring Ke$ha - Official Video),USRC11301695
61,Love Train,The O'Jays,1972,https://www.youtube.com/watch?v=2vTKmVvyNRc,2a2d0bbadfa89098b2acbc5519f8c50b634926459789b978893c180fc5fa4b0c,The O'Jays - Love Train,USSM17200048
62,I'm a Believer,The Monkees,1966,https://www.youtube.com/watch?v=4PQAqprjOuA,21d3dac8e7a7ac97bf491f7ff5ba02203dd8cdcfa9155e06c6053add1ec3896f,I'm a Believer,USRH10651278
63,Le Freak,Chic,1978,https://www.youtube.com/watch?v=7KP7bdFv_qg,b00dc35d890fc132bf52a7b6e301533e8f1cc690cbd9d8b1d936b6666dec0961,Le Freak (Edit),USRH11803129
64,Anarchy In The UK,Sex Pistols,1977,https://www.youtube.com/watch?v=q31WY0Aobro,c7316583db7fda90c19fe691647ffdc5028c8138f796a7a26f0adc7288ec67ca,Sex Pistols - Anarchy In The UK,GBUM71200591
65,Just Give Me a Reason (feat. Nate Ruess),P!nk,2012,https://www.youtube.com/watch?v=OpQFFLBMEPI,40299bbd43cbba7d1f76a9ba902f804af314fde714fbe5c08aad9481e72403cf,P!nk - Just Give Me A Reason ft. Nate Ruess,USRC11200786
66,One Day Like This,Elbow,2008,https://www.youtube.com/watch?v=mCJ7keVBj6Y,66ca5044349af4141a93cc4786acad4a7edc7d068c3ad0be0afe178387867d6b,One Day Like This - Elbow #/,GBUM70710049
67,Praise You,Fatboy Slim,1998,https://www.youtube.com/watch?v=ruAi4VBoBSM,d53e45e3977a93b5ddac2710bc8571b7bbf3ecb85ae370213987548d1f287bf5,Fatboy Slim - Praise You [Official Video],GBBMQ9900055
68,Thunderstruck,AC/DC,1990,https://www.youtube.com/watch?v=v2AC41dglnM,df5e06a7d1475b3492872966a7b6a02336c908d81a0310703f085b7e5e5d29a7,AC/DC - Thunderstruck (Official Video),AUAP09000014
69,That Don't Impress Me Much,Shania Twain,1998,https://www.youtube.com/watch?v=mqFLXayD6e8,463f083b4e1d15ec603480b2023abbaa185dfbb7d07b2cbcbbdb679c23174777,Shania Twain - That Don't Impress Me Much (Official Music Video),USMR19900016
70,Y.M.C.A.,Village People,1978,https://www.youtube.com/watch?v=xb-cy-9o2XU,c2f31074ce31e0604f2ecf7483c3eef9920927eefed6d77b335d5efc0db673a4,Village People - Y.M.C.A. (HQ),USPR37800001
71,I Gotta Feeling,Black Eyed Peas,2009,https://www.youtube.com/watch?v=uSD4vsh1zDA,c90ed7587cc4897fe6054256125f2930b4f0d42d46554b7059121ec71a1fb52d,The Black Eyed Peas - I Gotta Feeling (Official Music Video),USUM70965169
72,Whatcha Say,Jason Derulo,2009,https://www.youtube.com/watch?v=pBI3lc18k8Q,651d02475c126c8677eae82458be98e79bfd7bf219f9dd7a63ddc4f712545ac2,Jason Derulo - Whatcha Say [Official Music Video],USWB10901504
73,Heart Of Glass,Blondie,1978,https://www.youtube.com/watch?v=WGU_4-5RaxU,4641f4f8d037f3964cf1f43d0a25ca94e3cd4d24938be4187bf73689a50a2783,Blondie - Heart Of Glass,USCH37900017
74,La Bamba,Ritchie Valens,1958,https://www.youtube.com/watch?v=BycLmWI97Nc,e34e25b5b7e47c2eae8cd6cc199c3fa939f24b5f3963a728d473ac86ce6bc081,La Bamba,USRH10402003
75,Flashdance...What a Feeling,Irene Cara,1983,https://www.youtube.com/watch?v=xuHwv07G3qE,34a9f886d111be4eae5c088726d4d6c1de0cd1ee289308a544cd05255a1ae7f5,Flashdance... What a Feeling (Radio Mix),CAU118300354
76,Second Hand Rose,Fanny Brice,1922,https://www.youtube.com/watch?v=aa7ENCjjcmE,c78eab6d75b7b34e4554d176051b2285673337ca45bb506d8fd6e59b67e394c9,Second Hand Rose,DEBL60642773
77,2002,Anne-Marie,2018,https://www.youtube.com/watch?v=elpT1UoL9m0,ede2bb3aae8001d58933ea66e92dc553001bf92b70ffc15df5353fd13f8f854e,Anne-Marie - 2002 | Lyrics,GBAHS1800094
78,Smells Like Teen Spirit,Nirvana,1991,https://www.youtube.com/watch?v=hTWKbfoikeg,30bc9e96e22d1be52917cc85e9fcfcedd327d9324b30235f2aefa3f1af3fe567,Nirvana - Smells Like Teen Spirit (Official Music Video),USGF19942501
79,Roxanne,The Police,1978,https://www.youtube.com/watch?v=3T1c7GkzRQQ,70be3dbed3e671be9da82ff39f1b7719be81bab6efbafb8511c2a6cd1df02376,The Police - Roxanne (Official Music Video),GBAAM0201086
80,Cars,Gary Numan,1979,https://www.youtube.com/watch?v=Im3JzxlatUs,8f1d36459740a3a6ad0063c558d916d3db88c6638f997d581ef237876d5be5da,Gary Numan - Cars HD,GBAZP9700067
81,Superstition,Stevie Wonder,1972,https://www.youtube.com/watch?v=7_tmeHCO1IM,d650cb2bcafd60dec9f14dcb7019ecb7385092aab9017d3f991a92dc2322fd11,Stevie Wonder - Superstition - (Official Video),USMO17200984
82,Hollaback Girl,Gwen Stefani,2004,https://www.youtube.com/watch?v=Kgjkth6BRRY,67edea41a3042a5f349a85e91b9fdddd797b744e44b0bfa7ad593adfe66af7d3,Gwen Stefani - Hollaback Girl (Official Music Video),USIR10400847
83,Mona Lisa,Nat King Cole,1950,https://www.youtube.com/watch?v=vUi745Lwc1k,799d9ff2ed2948205cf3ac720623b59cb77f96dabb019f060841848e80337c57,Mona Lisa (Remastered),USCA26100105
84,Take on Me,a-ha,1984,https://www.youtube.com/watch?v=djV11Xbc914,bd8f527ec2776d996a227d1b8dec775f7273712434008ae237d9aec4d8e48605,a-ha - Take On Me (Official Video) [4K],USWB19901214
85,Without You (feat. Sandro Cavazza),Avicii,2017,https://www.youtube.com/watch?v=WRz2MxhAdJo,c89256563a05da06fb985311c7e16837e3d5c7524bb4479a0456fe22fc3a8501,"Avicii - Without You ""Audio"" ft. Sandro Cavazza",SE5R71700101
86,Rehab,Amy Winehouse,2006,https://www.youtube.com/watch?v=KUmZp8pR1uc,e9581d4baf74336dd2b04d0113821ea755473b5eeb9ede61a0478524eb489ba7,Amy Winehouse - Rehab,GBUM70603730
87,Gangsta's Paradise,Coolio,1995,https://www.youtube.com/watch?v=Tw0_qHNRAEA,3a7fa3117a5a154583409dd45d8dbca3521259f7919c5a8e3915a49fa10b65f5,Gangsta's Paradise,USTB10400128
88,7 Years,Lukas Graham,2015,https://www.youtube.com/watch?v=LHCob76kigA,24ecf1fc202432d33e74a711b7baa1a1a8f5c5a24003f15fbdff90b4f2771cae,Lukas Graham - 7 Years [Official Music Video],USWB11506516
89,"I Like To Move It (feat. The Mad Stuntman) - Erick ""More"" Album Mix",Reel 2 Real,1993,https://www.youtube.com/watch?v=nphK5Ke3-Xc,f8e1800bddd554c86c38f629123bd6691061d734c276089b6e96d57819812bcb,Reel 2 Real - Go On Move (Official HD Video),QMRSZ1800990
90,That's Amore,Dean Martin,1953,https://www.youtube.com/watch?v=OnFlx2Lnr9Q,15512ac5669d76d2812597d010eefdbbe0f2d85f464fcf96ca374f2654cefa59,Dean Martin - That's Amore,USCA20100849
91,White Wedding – Part 1,Billy Idol,1982,https://www.youtube.com/watch?v=AAZQaYKZMTI,3e54b92b7b7fa2519464a1d9070e7ce67369be7f3ed663a1d2ffc0ce9c79ff76,Billy Idol - White Wedding Pt 1,USCH38800007
92,November Rain,Guns N' Roses,1991,https://www.youtube.com/watch?v=8x23ajWSHyo,7ccd266a60fb6c96b57fb8954e232acccc2e46c2f602d14f7e3789bd39115906,Guns N' Roses - November Rain,USGF19141510
93,Relax (Come Fighting),Frankie Goes To Hollywood,1984,https://www.youtube.com/watch?v=Yem_iEHiyJ0,06ec98aba3e614a42da36a411645f8e5f2c3cfb9c97353f954f65c926142511a,Frankie Goes To Hollywood - Relax (Official Video),GBAHW9900051
94,American Pie,Don McLean,1971,https://www.youtube.com/watch?v=PRpiBpDy7MQ,673d498b2a6173b71479bf68c091870a6dd86d8ec20f33ed6a12283eb9cf1f87,Don McLean - American Pie (Lyric Video),USEM38600088
95,If You Don't Know Me by Now,Simply Red,1989,https://www.youtube.com/watch?v=zTcu7MCtuTs,71936a1065375cd83e3baf5a0e705bdfcccce9585f4710215eba49616917461c,Simply Red - If You Don't Know Me By Now (Official Video),GBCRL0800110
96,Gettin' Jiggy Wit It,Will Smith,1997,https://www.youtube.com/watch?v=3JcmQONgXJM,ea2775c03b02166f534af8a9439a4aa8b7f08ff04418d42d76cb2a2788ca8355,Will Smith - Gettin' Jiggy Wit It,USSM19702582
97,Cotton Eye Joe,Rednex,1994,https://www.youtube.com/watch?v=mOYZaiDZ7BM,d637f3c9f68734dbef99dd0800b99de1edbd0bf0f66241f49f200b66a41e4678,Rednex - Cotton Eye Joe (Official Music Video) [HD] - RednexMusic com,DEA319600881
98,Shake It Off,Taylor Swift,2014,https://www.youtube.com/watch?v=nfWlot6h_JM,41197e8dfe7ea14326d48375a00d6607cfe7fbd0aff2675fca62e248fd8a74d2,Taylor Swift - Shake It Off,USCJY1431349
99,Tubthumping,Chumbawamba,1997,https://www.youtube.com/watch?v=2H5uWRjFsGc,dc03eefb78656f4f5ac36e8caa7e105d82dac554704026d008d920aafe0549ee,Chumbawamba - Tubthumping,USUR19700191
100,Build Me Up Buttercup,The Foundations,1968,https://www.youtube.com/watch?v=T-gBksUySFY,118490da8a2749f1a822cacc52bc3c36d073917597db1cbd42d82a8095f2012d,Build Me up Buttercup (Re-Recorded),GBAJE6800059
101,No One,Alicia Keys,2007,https://www.youtube.com/watch?v=rywUS-ohqeE,9bf34f95419ac6f733d3f2ffda9d0773f7e78c63b179ad776f11bfef931e40f4,Alicia Keys - No One (Official Music Video),USJAY0700190
102,Every Breath You Take,The Police,1983,https://www.youtube.com/watch?v=OMOGaugKpzs,b76d28067187df678c0ec77d5b5d7e7ccb97674c33b0e01390a179add62e12c8,The Police - Every Breath You Take (Official Music Video),GBAAM0201110
103,Crazy In Love (feat. JAYZ),Beyoncé,2003,https://www.youtube.com/watch?v=ViwtNLUqkMY,7e31969c34b63b85fb7182b566979e0b79d5d17ef946556e31841e166e6bd500,Beyoncé - Crazy In Love ft. JAY Z,USSM10305425
104,Enjoy the Silence,Depeche Mode,1990,https://www.youtube.com/watch?v=aGSKrC7dGcY,7680056b54fe35071d2d094cebcc5f2374c7590bd2bfb841d58ee64c13b5e4b3,Depeche Mode - Enjoy the Silence,GBAJH0600292
105,Ain't That A Shame,Fats Domino,1955,https://www.youtube.com/watch?v=I6JZW7zMDfY,badad5eb18c4369870805ada01af0b419bd5ae71ea12ef3030fdb77e5ed9c71c,FATS DOMINO - AIN'T THAT A SHAME 1955,USEM38700044
106,Escape (The Pina Colada Song),Rupert Holmes,1979,https://www.youtube.com/watch?v=FXG_I_tf_i4,937e8c54c029d4676dbf1910a07eb9ffec7f34a3a0ba99ff449384719c6335ca,Escape (The Pina Colada Song),USMC17948997
107,1979,The Smashing Pumpkins,1995,https://www.youtube.com/watch?v=4aeETEoNfOg,45c45166514788cc9b373f91fef0be3a62c648e76b1b7c201028ffde0789d443,The Smashing Pumpkins - 1979 (Official Music Video),USVI29500052
108,Devil Woman,Cliff Richard,1976,https://www.youtube.com/watch?v=IgomTOOgl8M,ea23550d4ec63d8015565e7d14c2d768703d4918a2103c1457c68a54a345c57d,Cliff Richard - Devil Woman (Official Video),GBAYE0100609
109,True Colors,Cyndi Lauper,1986,https://www.youtube.com/watch?v=2ecaYj14z3M,e5e9c1d41d6e4f6d696a06bf6a6c5332282d39a94749caeeac84c9c0f9e50119,Cyndi Lauper - True Colors (Official Lyric Video),USSM18600632
110,Bye Bye Love,The Everly Brothers,1957,https://www.youtube.com/watch?v=LRyrWN-fftE,9a24a9b92574d5f5661d30880ecf00ce3574e9ebf48b43735fa020c638b9243e,Everly Brothers - Bye Bye Love - Original HQ Audio,USWB19903261
111,These Boots Are Made for Walkin',Nancy Sinatra,1965,https://www.youtube.com/watch?v=TDmidrIDB4o,0fd7b9241acb95fcd27af6cd26d1fde906e2159ddfc57affb4e9f687d045ec4f,These Boots Are Made for Walkin',USWB10102872
112,Industry Baby,Lil Nas X (feat. Jack Harlow),2021,https://www.youtube.com/watch?v=UTHLKHL_whs,df212388b4e0401ba1d7916845572948c7603716437121f45c1d3d35fa75a007,Lil Nas X; Jack Harlow - INDUSTRY BABY (Official Video),USSM12104539
113,White Iverson,Post Malone,2015,https://www.youtube.com/watch?v=SLsTskih7_I,bd5c2f14d94582b2686ed040cc27bfc72d75bb5fda81aee98aac25158b33a484,Post Malone - White Iverson,USUM71511528
114,Jailhouse Rock,Elvis Presley,1957,https://www.youtube.com/watch?v=PpsUOOfb-vE,02242b58761eecaa7e201aefe62d48e2dd19cd3c0dae307f2ae401ec30cfb58a,Elvis Presley - Jailhouse Rock (Official Audio),USRC15705223
115,Blinding Lights,The Weeknd,2019,https://www.youtube.com/watch?v=fHI8X4OXluQ,8bb65422df595fcd79964ecf4b1d4582f48852e2a97bd01ee8b24b91d1c9d22a,The Weeknd - Blinding Lights (Official Audio),USUG11904206
116,Dream Lover,Bobby Darin,1959,https://www.youtube.com/watch?v=HkaPF3owM0Q,15121e4adb21263f6b9cdf83fac8488e4a11628ceb0654905dc86dc011c2b9de,Dream Lover,USEW10000024
117,Fit but You Know It,The Streets,2004,https://www.youtube.com/watch?v=XEN8uCaBvdg,57d5b115fb4326ffda716b8dd3634da8f625d5d7e13ae0748b0a93dd2cfef6e3,Fit but You Know It,GBFFS0400018
118,Mercy,Duffy,2008,https://www.youtube.com/watch?v=eJCrb1oNbH4,2967c570e101f9c8aba9318bd2bcccb98210390522e0f1a738a1202838dd2816,Duffy - Mercy (Lyrics),GBUM70711275
119,"Sugar, Sugar",The Archies,1969,https://www.youtube.com/watch?v=Om5O6GL7cLY,b5972e082451ecb7ab32e4655b7de0f5e583c7a9790ccb41835ef4c8ae1d25bf,Sugar Sugar,NLG620400826
120,(I Can't Get No) Satisfaction - Mono,The Rolling Stones,1965,https://www.youtube.com/watch?v=nrIPxlFzDi0,15fb46d476383b1a512073131c18e705b6ac717681c7ba46d0845aadd3531c99,The Rolling Stones - (I Can't Get No) Satisfaction (Official Lyric Video),USA176510160
121,No Role Modelz,J. Cole,2014,https://www.youtube.com/watch?v=n0rvK2dZfj0,aadf637a4fbd97862c61544f7369a2cf370de0810a9ff401a4436b57a18b0cda,J Cole - No Role Modelz [2014 Forest Hills Drive],USQX91402598
122,Valerie,Mark Ronson (feat. Amy Winehouse),2007,https://www.youtube.com/watch?v=bixuI_GV5I0,98ac8ca4820bdfcadb12d332aa80311d0056ecb55435b5c5b59e6322f96c9c67,Mark Ronson ft. Amy Winehouse - Valerie (Official Video),GBARL0700173
123,Lola,The Kinks,1970,https://www.youtube.com/watch?v=LemG0cvc4oU,77706b32c3d363335c2d516bcb05bfead76e63b83587c2e89bd3204a17ee6e6f,The Kinks - Lola (Official Audio),GBAJE0701939
124,I Need A Dollar,Aloe Blacc,2010,https://www.youtube.com/watch?v=nFZP8zQ5kzk,68d4a593a3a780d5a8b7d86f7f9dd457b1f6f37fe833ba51170f29caabf990a9,Aloe Blacc - I Need A Dollar,US2S71045001
125,The Twist,Chubby Checker,1960,https://www.youtube.com/watch?v=-CCgDvUM4TM,3e45f1259620f3c41277f13823d65da880a07a474afb1489b8417eb4c6016734,Chubby Checker - The Twist (Official Music Video),USI4R0502237
126,Don't Dream It's Over,Crowded House,1986,https://www.youtube.com/watch?v=xwsaVHiiFQ8,d0eaf0b2032c5243a3d6af2fca44d98c62296fd0a5676084e70d849149b82817,Crowded House - Don't Dream It's Over (Audio Remastered) (HQ),USCA28600048
127,One More Time,Daft Punk,2000,https://www.youtube.com/watch?v=FGBhQbmPwH8,815f58b1e83dcd6d2a6e82e8974132bc4e619a9e458f5c433431ce48c84aa43b,Daft Punk - One More Time (Official Video),GBDUW0000054
128,You're So Vain,Carly Simon,1972,https://www.youtube.com/watch?v=j13oJajXx0M,263e7fae8d797679bae138cedf8c855f1308c8674640ea62ad235614d04ea755,Carly Simon - You're So Vain,USEE19900883
129,Oops!...I Did It Again,Britney Spears,2000,https://www.youtube.com/watch?v=OO0aTOIU_3w,9278adcd625b15d82c42a0c05772cd2d486479c4fcb11a110d6caad5727124b7,Oops!... I Did It Again (Remastered),USJI10000100
130,Blue Monday,New Order,1987,https://www.youtube.com/watch?v=9GMjH1nR0ds,de2a58c589c3bc80bb5085b0c4bae694bf0157ae8b840893a8699239d98cc3fe,New Order - Blue Monday 88 (Official Music Video),GBAAP0001115
131,House of Fun,Madness,1982,https://www.youtube.com/watch?v=GJ2X9SANsME,d4c6be1216e6630857c92982a20f28ed2fd822bd5d4b6cf020efa23adb5ab887,Madness - House of Fun (Official 4K Video),GB7GZ1000040
132,Yeah! (feat. Lil Jon & Ludacris),USHER,2004,https://www.youtube.com/watch?v=GxBSyx85Kp8,58d0fb45c9c292e3d80891b7a87f3d62d7ae912c6a278e77ff4bda4b00b81877,"Usher - Yeah! (Official Video) ft. Lil Jon, Ludacris",USAR10301423
133,Hey Ya!,Outkast,2003,https://www.youtube.com/watch?v=PWgvGjAhvIw,75d91731adef94ca7f03bb3db6c71bc1f954396cb39786900b920fa5aa32e3ce,Outkast - Hey Ya! (Official HD Video),USAR10300924
134,The Look,Roxette,1988,https://www.youtube.com/watch?v=LlVI7ZNiFlI,cfe223cf49d1e3f80378c57cb9e2f0e6fe3eac321c75e10b896485348f39cf28,Roxette - The Look,SEAME8878010
135,Baby Got Back,Sir Mix-A-Lot,1992,https://www.youtube.com/watch?v=X53ZSxkQ3Ho,4f4d42eab0c4259c3deacfef169f86542ee2e995cfeb7caa0dca77050d8a158b,Sir Mix-A-Lot - Baby Got Back (Official Music Video),USSM19100221
136,Don't Speak,No Doubt,1996,https://www.youtube.com/watch?v=TR3Vdo5etCQ,7e82335e4ef615e680a9949ceeef4775982185a5e91c8d9466e92c2e1ea02a0b,No Doubt - Don't Speak (Official 4K Music Video),USIR19500279
137,Don't Go,Yazoo,1982,https://www.youtube.com/watch?v=_sQGwDeambg,9dd0727a09d650f14027bda331d36d8e7139cb88448b69f4f246d0448c5e3bd9,Yazoo - Don't Go (Official HD Video),GBAJH9600227
138,As It Was,Harry Styles,2022,https://www.youtube.com/watch?v=H5v3kku4y6Q,67532fcb1426e5a20bc97422a78283abfe11fd1ca3199763b046a92d3d4b8329,Harry Styles - As It Was (Official Video),USSM12200612
139,The Best,Tina Turner,1989,https://www.youtube.com/watch?v=GC5E8ie2pdM,3ad2148b09a07e103497d57ed282bf83e34edcd1200251e433ecb690ec61b507,Tina Turner - The Best (Official Music Video),USCA28900109
140,Dancing In the Dark,Bruce Springsteen,1984,https://www.youtube.com/watch?v=8cNS_Mecbw8,ab771c24882ca71333bbd49ce79868209385d1f27ece2e1ccac5b80d2975d7ff,Bruce Springsteen - Dancing In The Dark,USSM18400416
141,Tragedy,Steps,1999,https://www.youtube.com/watch?v=OiwDHHcHPh0,2413ce637902ae9a89469c2c94a9a8ac9a8b9366a8d91946a659d4ca8242a460,Steps - Tragedy (Official Video),GBAHK9800107
142,It Wasn't Me,Shaggy,2000,https://www.youtube.com/watch?v=U48fb7Nx1A8,e7e0101c6c400b7e50d9cf1a9b432ac72591e86e9105badb578d81fb3cf0bc60,Shaggy - It Wasn't Me (Lyrics) ft. Ricardo RikRok Ducent,USMC10000393
143,I Want It That Way,Backstreet Boys,1999,https://www.youtube.com/watch?v=4fndeDfaWCg,661713c05596574d4aaec9632465399c676bf311c77acb6b2e673c747f2f161d,Backstreet Boys - I Want It That Way (Official HD Video),USJI19910614
144,"Hey, Good Lookin'",Hank Williams,1951,https://www.youtube.com/watch?v=bjCoKslQOEs,26510a3fdcb9cbc3f08787a729bad5e995b2134cab4d3d598c01b102315764e2,Hank Williams - Hey Good Lookin',USPR39400682
145,Porcelain,Moby,1999,https://www.youtube.com/watch?v=KtsVN__gPvQ,2b7aa35a0fa6c96113e78f7276567cbc7165f005f977f7906ae7ba042bce94a8,Porcelain,GBAJH9900036
146,Ring of Fire,Johnny Cash,1963,https://www.youtube.com/watch?v=1WaV2x8GXj0,55ed1d5ee92da1b861b27d8782c3057a5b8ad2ef93537220ea7fd48cef46281f,Ring of Fire,USSM11201688
147,Johnny B. Goode,Chuck Berry,1958,https://www.youtube.com/watch?v=Y-9Y4CCIWnM,1bf54a0d9201f5c3ac8b208417b579a8c2efdec38cc78a9fa8b9915730dfb18f,Johnny Be Goode,USMC15719963
148,She Likes It (feat. Jake Scott),Russell Dickerson,2021,https://www.youtube.com/watch?v=rC9TfT5aDEk,1309b0fcb02953e6486e5cd3c8332f63ea7f853e29bcd830f6bbc6710b13d792,Russell Dickerson - She Likes It (feat. Jake Scott),USQX92103652
149,Bad Habit,Steve Lacy,2022,https://www.youtube.com/watch?v=VF-FGf_ZZiI,d1ca940cf6768f31dae749b63e12d114d54c188028560797f3634061d4110495,Steve Lacy - Bad Habit (Official Video),USRC12201440
150,I Love It (feat. Charli XCX),Icona Pop,2012,https://www.youtube.com/watch?v=W50HtcPAeSs,bfcfa00cd7aef3fe5526fe93c104c32a8bf2ea910b425bd53cc5180fbf25d66a,Icona Pop - I Love It (Feat. Charli XCX)  [Audio],SEWEE1200301
151,Closer,The Chainsmokers,2016,https://www.youtube.com/watch?v=0zGcUoRlhmw,b18ae2bd4074a5a96a0d7953fa6f8ccd70ebac24e85dbf48975cc4612431ff9b,The Chainsmokers - Closer (Official Video) ft. Halsey,USQX91601347
152,7 Days,Craig David,2000,https://www.youtube.com/watch?v=P5lmb5-tnM0,7d468b29fbd63e042601e7654cdb9c42c8201f2b26ce0c1a68ec238444cf5e31,Craig David - 7 Days (Official Video),GBAWV9902019
153,How You Remind Me,Nickelback,2001,https://www.youtube.com/watch?v=hhSLkkLl750,f52eaa9ef7ec96166acba718d78423498788921c9bd9ab290633f700b53b4c80,How You Remind Me,NLA320119533
154,Give A Little Bit,Supertramp,1977,https://www.youtube.com/watch?v=J9JOut9yh5g,381179e509f7cb0f1b6a992a8a8018cb2f7fbcd9035beebcd9c24e37fad5264d,Give A Little Bit,USAM19500634
155,Hotel California,Eagles,1976,https://www.youtube.com/watch?v=BciS5krYL80,e56609d059e9372112e9803fac70b4a3273ea40bc2a635baf8db971320261349,Hotel California (2013 Remaster),USEE11300353
156,Señorita,Shawn Mendes,2019,https://www.youtube.com/watch?v=dFp_b5DPIIo,e64b145c3e739f85359aabe2630cd7081cb268d09c9a709130c203a5fdecd8d2,"Shawn Mendes, Camila Cabello - Señorita (Lyrics) Letra",USUM71911283
157,Let Me Entertain You,Robbie Williams,1997,https://www.youtube.com/watch?v=bYbUTJqLFUk,3393d4fff43fb3a7a70c8d5b9afca42c10fb58c32c111a2b167e45f5711c166b,Robbie Williams - Let Me Entertain You - 1997,GBAYE9701083
158,Need You Tonight,INXS,1988,https://www.youtube.com/watch?v=F93ywiGMDnQ,edff224d66f53842e1a705f163be43c1e648d5bb0c2221eedd767050f83f9e14,INXS - Need You Tonight (Official Music Video),AUWC41010228
159,Cum on Feel the Noize,Slade,1973,https://www.youtube.com/watch?v=FqAJ1ckyjvw,bcde6c4c64004d895f9d8036a3218a09a63392f8653ec44911dfac7c0066fc86,Slade - Cum On Feel The Noize (Official Visualizer),GBC267300010
160,"Take Me Home, Country Roads",John Denver,1971,https://www.youtube.com/watch?v=1vrEljMfXYo,12189980b5cb3892ddc58dd9f99429d1f43e82bf0a901c7259e2a3c3a0e21b32,"John Denver - Take Me Home, Country Roads (Official Audio)",USRC11100481
161,Sweet Home Alabama,Lynyrd Skynyrd,1974,https://www.youtube.com/watch?v=-p8GXZcdrIk,1f32ef46f022e84805900662d99778f2c832f73e1991d3c094b5b9520b2c24a9,Lynyrd Skynyrd - Sweet Home Alabama (Lyric Video),USMC17446153
162,You Make Me Feel (Mighty Real),Sylvester,1978,https://www.youtube.com/watch?v=gD6cPE2BHic,342aeb52712976eff0c0c8216e4bb5ebc85c698f9c61dcfb245ca2dbe0f37a1d,Sylvester - You Make Me Feel (Mighty Real),USC4R2002968
163,The Whole of the Moon,The Waterboys,1985,https://www.youtube.com/watch?v=0eL-jEV_RKM,8eca633bd662692b0cbc8322abbe32af3632727d4edc13592c21f83b52043538,The Waterboys - The Whole of the Moon (Official Lyric Video),GBAYK0400026
164,Little Red Corvette,Prince,1983,https://www.youtube.com/watch?v=v0KpfrJE4zw,707b777ab69df484cedd49d896954a9a427c51f93233f36c8fcad467e2ac734f,Prince - Little Red Corvette (Official Music Video),USRH11902852
165,Manic Monday,The Bangles,1986,https://www.youtube.com/watch?v=SsmVgoXDq2w,b66a4a1d6b78d7b0cf71295259c454daa5985fc8c9a8a3e7caef64160a074f02,The Bangles - Manic Monday (Official Video),USSM10017495
166,"Girl, You'll Be A Woman Soon",Neil Diamond,1967,https://www.youtube.com/watch?v=K_fZCD93LzQ,c88a0cc27784a48456a0f03c67bd60de8b308250165b86371c4c5cb354e61c15,"Girl, You'll Be A Woman Soon",USUM72221249
167,American Boy,Estelle,2008,https://www.youtube.com/watch?v=UaJeiY2OjZo,62220ad7e00f6423e46fb11a6a4db77f64685f0ba3232bbd7065e7e6ca0a2606,Estelle   American Boy Feat  Kanye West Video,USAT20706210
168,Belfast Child,Simple Minds,1989,https://www.youtube.com/watch?v=7vhhTvcLoRw,3df759929559c7771901bd2aef7f41f4c6eec810a2d072730a8f386c600e2252,Simple Minds - Belfast Child,GBAAA0200654
169,Waterfalls,TLC,1995,https://www.youtube.com/watch?v=8WEtxJ4-sh4,10d677337a6ce76dc3ed79f1664aa645ecae4deb0f6ee005ddd0736ed40ab912,TLC - Waterfalls (Official HD Video),USLF29400133
170,Somebody That I Used to Know,Gotye,2011,https://www.youtube.com/watch?v=2FZZK8gBBOI,ede2c12c46487b460488aacfaa215cd4785f16b2da66b9434b3df57b38146fcd,Gotye - Somebody That I Used to Know (2015 Remaster),AUZS21100040
171,Poker Face,Lady Gaga,2008,https://www.youtube.com/watch?v=bESGLojNYSo,7ab456a6e035796c5935d3b39de0948e5db928560a29f22e28d36c5375548ec5,Lady Gaga - Poker Face (Official Music Video),USUM70824409
172,Girl You Know It's True,Milli Vanilli,1988,https://www.youtube.com/watch?v=RdSmokR0Enk,7f9231d2066463800dee1d5d5914676488033a4371f94ebb2ed4f511f09d1795,Milli Vanilli - Girl You Know It's True,DEC738800004
173,Disco Inferno,The Trammps,1976,https://www.youtube.com/watch?v=A_sY2rjxq6M,308528fe61a470af75c6fd5bb2c2b67f6e122075dda7798542db953b7b67ea28,The Trammps - Disco Inferno,USAT27600009
174,Haven't Met You Yet,Michael Bublé,2009,https://www.youtube.com/watch?v=rqthwCypho4,e575f73d3ab2b125f5628d9326e2069d16adfbd03f940bde30c7f05c0d09c0ab,Michael Bublé - Haven't Met You Yet,USRE10901437
175,You Sexy Thing,Hot Chocolate,1975,https://www.youtube.com/watch?v=iD4ympXPrWs,81dc557e3d6e9643fff65bc5a67b4854f88611d8c54672f64c35f02575085692,You Sexy Thing,GBAYE7500013
176,No Woman No Cry,Bob Marley & The Wailers,1974,https://www.youtube.com/watch?v=pHlSE9j5FGY,5f19d9b281f9f139f5c919a87163a8e8098176ca24ac4c832f78d99920c5f010,Bob Marley - No Women No Cry (Original),GBAAN7490002
177,Savage,Megan Thee Stallion,2020,https://www.youtube.com/watch?v=lkQ6uHr0TQE,93252054c100756c2e2e09d701348e4453431c7fca0c6735ab946d3c7729cde6,Megan Thee Stallion - Savage [Animated Video],QMCE32000097
178,Stop,Spice Girls,1997,https://www.youtube.com/watch?v=jlh9JKRGQaQ,7e9d40a9d1ca7b5057e90cf47b314a76de04aca2822434e1ed826f61e3e74977,Spice Girls - Stop (Lyrics),GBAAA9710053
179,Where Is The Love?,Black Eyed Peas,2003,https://www.youtube.com/watch?v=WpYeekQkAdc,7d525252e243160c6d1d9a46fc9173106c0cab201bcaa01ed6daa322c2ea8b36,The Black Eyed Peas - Where Is The Love? (Official Music Video),USIR10311862
180,I Will Wait,Mumford & Sons,2012,https://www.youtube.com/watch?v=Vo7FNkltu28,d8be108e355bf096495b1a5b302e8a23345c8a20b530d037690047f43ec42060,I Will Wait,GBUM71204769
181,Firework,Katy Perry,2010,https://www.youtube.com/watch?v=KSbwHzlcgs8,1bd364b9639fb92cbff927cf1df84471f84f766c5c352e5d6ec8fbddb1374de6,Katy Perry - Firework (Lyrics),USCA21001262
182,Barbie Girl,Aqua,1997,https://www.youtube.com/watch?v=ZyhrYis509A,1a62670bc099a1b161d7e2550833104ea4aa803b2c0a058076bbe82372565281,Aqua - Barbie Girl (Official Music Video),DKBKA9700403
183,This Is The Life,Amy Macdonald,2007,https://www.youtube.com/watch?v=iRYvuS9OxdA,db7e6cc2f37b99db9e73bdfa39a773d340c02bfbb8b86ed12be10767ff6af604,Amy Macdonald - This is the Life,GBUM70607840
184,Get Lucky (feat. Pharrell Williams and Nile Rodgers),Daft Punk,2013,https://www.youtube.com/watch?v=CCHdMIEGaaM,7dc8fb80573f5c2fdefefafd7d63ea004f9ce14c2871f488a2f6cf5435ec6ec8,Daft Punk - Get Lucky (Official Video) feat. Pharrell Williams and Nile Rodgers,USQX91300108
185,Ice Ice Baby,Vanilla Ice,1990,https://www.youtube.com/watch?v=rog8ou-ZepE,16415a1a9c3ba4beccefdba33e9bd6b8c78a728e47c0e7360d586c0dd9431e68,Vanilla Ice - Ice Ice Baby (Official Music Video),USSB29000129
186,Kingston Town,UB40,1989,https://www.youtube.com/watch?v=2UOY1JeFvAw,e7c667d8ebdc1e73211b1b7c378562005529af8bcff17a45f1a072475aef8c4f,Kingston Town (Remastered),GBAAA8900032
187,Candy Shop,50 Cent,2005,https://www.youtube.com/watch?v=SRcnnId15BA,ef646a00969ec014c52bfc530e54f13fa37b6cadf44ca74e2cbfb72f02c6c5f1,50 Cent - Candy Shop (Official Music Video) ft. Olivia,USIR10500072
188,Fallin',Alicia Keys,2001,https://www.youtube.com/watch?v=Urdlvw0SSEc,77a24b17619093736abc0ba771cc55b41c4e24ce81d4491eba2e8f8854d2b4b8,Alicia Keys - Fallin' (Official HD Video),USJAY0100057
189,Let It Be,The Beatles,1970,https://www.youtube.com/watch?v=QDYfEBY9NM4,5f5855eebb574ab6ec7a8af0d1fd494ba2435a62a040419d091498dbc6f4119f,Let It Be (Remastered 2009),GBAYE0601713
190,"I Can't Help Myself (Sugar Pie, Honey Bunch)",Four Tops,1965,https://www.youtube.com/watch?v=8Jtokmp8zoE,e9e04ed564d330aaa27d0fd7a7b9a1a1fd1339277fdef9bf4fad6ede1aac1479,"I Can't Help Myself (Sugar Pie, Honey Bunch)",USMO16582593
191,Boombastic,Shaggy,1995,https://www.youtube.com/watch?v=TeNjhglXm6w,0c543049d26185aadc9cb0e20453eb6cf9bf35ac958aefdf837483f4acc5aea5,Boombastic,GBAAA9500003
192,Losing My Religion,R.E.M.,1991,https://www.youtube.com/watch?v=Efa6BAWPm9o,f7fc45e66cec0d6a397afbae5c52e99456561dbe5b8ae82783fc98ed4641b706,Losing My Religion,USC4R1605373
193,Moves Like Jagger,Maroon 5,2010,https://www.youtube.com/watch?v=iEPTlhBmwRg,4c72ea412d433ab457df6906a1caca243bff783c59dca35482ebf98980378ce9,Maroon 5 - Moves Like Jagger ft. Christina Aguilera (Official Music Video) ft. C,USUM71109132
194,All About That Bass,Meghan Trainor,2014,https://www.youtube.com/watch?v=Fccz4gz5erM,980c4ce5e76d55774aa033e12c09495a96c34cacef1e69b85ea1ae1beff83a2b,All About That Bass,USSM11401317
195,Toxic,Britney Spears,2003,https://www.youtube.com/watch?v=LOZuxwVk7TU,24041447d18f403a55a6c3a9be5b29de30b349359add72c0d60c77df4efaebca,Britney Spears - Toxic (Official HD Video),USJI10301005
196,We R Who We R,Kesha,2010,https://www.youtube.com/watch?v=tCkGsyOYDMI,2117dcf0bb80ee830583079366c3eb3b702c10d6b7df7360ffd72afbe69a5d9e,We R Who We R,USRC11000862
197,Work It,Missy Elliott,2002,https://www.youtube.com/watch?v=jgMOeRzntGA,ccb4e34c8fc1be3eb5e133617d9b61f2aa258cc7891e4eb881de977ba6eda57f,Missy Elliott - Work It (Official Video) l Throwback Thursday,USEE10240730
198,Summer,Calvin Harris,2014,https://www.youtube.com/watch?v=ebXbLfLACGM,467b27bc7ba6d32c86dab28e81cf01d03239543b538ff5bcb6f7cc52b711d252,Calvin Harris - Summer (Official Video),GBARL1400296
199,Karma Chameleon,Culture Club,1983,https://www.youtube.com/watch?v=JFvXvV0oZIo,5e606ecc0b6492fba002d1529acbf7d65e46daf35a404a5e7f5b4088a0bebad9,Culture Club - Karma Chameleon (lyrics),GBAAA0201011
200,Smoke Gets In Your Eyes,The Platters,1958,https://www.youtube.com/watch?v=vfBboBz3yoc,f3027cb47a1fba899cd1e6f52d3a1ece19f95d33721ac72f351c574f3b4abbd4,The Platters - Smoke Get In Your Eyes - Lyrics,USPR39500165
201,Wonderwall,Oasis,1995,https://www.youtube.com/watch?v=bx1Bh8ZvH84,b6a62577e27dc43b094b65ec176b777a1290181d402c6bb87aaa8d42f80ef0e6,Oasis - Wonderwall (Official Video),GBAAW9500189
202,Purple Rain,Prince,1984,https://www.youtube.com/watch?v=GaJcBJQi7bY,0d52376fb278e30bb477c3411271d7b09482663aa21e36cf475e275437f36991,Prince & The Revolution - Purple Rain (Official Video)_ HD (Digitally Remastered,USWB10001880
203,Work,Rihanna,2016,https://www.youtube.com/watch?v=xizkel_Jrdo,937972e041ff93d4e1a212630dae1d72db4e58fb2134a30c7948388fdfbbc708,Rihanna - Work ft. Drake,QM5FT1600116
204,Orinoco Flow,Enya,1988,https://www.youtube.com/watch?v=LTrk4X9ACtw,49fae4bfea7dded4e75dfa09280423e3da4e6a18f11aeabc4da10d68ec8ed594,Enya - Orinoco Flow (Official 4K Music Video),GBAHT8802584
205,Walk Of Life,Dire Straits,1985,https://www.youtube.com/watch?v=h2a20YL5mvg,bce795d9e3b5a6481c1c88a335a66fbb60fd5c99990d80647461e22a2854de7e,Dire Straits - Walk of Life (Official Audio),GBF088500675
206,Runaway (U & I),Galantis,2015,https://www.youtube.com/watch?v=n_446eZFANI,25ff8fb93322844b31961747c66587f8a4e271bd5bc37ecc9799bf37432773f0,Galantis - Runaway (U & I) [ Lyrics ],USAT21404265
207,Hit the Road Jack,Ray Charles,1961,https://www.youtube.com/watch?v=SrnWp5O0DEs,efcd9228c7f1f21175cdae940170a41aa8edbb3046c73ec665fefc98cb01f37a,Hit the Road Jack,FR6V81229417
208,Wannabe,Spice Girls,1996,https://www.youtube.com/watch?v=gJLIiF15wjQ,b87ecb80f4b003a1956765fc48b1e51711abcf0747c913e72b3e7432fa2435e9,Spice Girls - Wannabe (Official Music Video),GBAAA9600008
209,MMMBop,Hanson,1997,https://www.youtube.com/watch?v=NHozn0YXAeE,870761c4706645cea35284f13811944b569531cfbe8d022fdd737eaee64209cd,Hanson - MMMBop (Official Music Video),USMR19786993
210,I Walk The Line,Johnny Cash,1956,https://www.youtube.com/watch?v=jh169rVMveA,26f097f5b99fb35261f51de50128f711ff050e434fd5b56e711dfa80740abea8,Johnny Cash - I Walk the Line (Live in Denmark),USSE60070039
211,Love Is All Around,Wet Wet Wet,1994,https://www.youtube.com/watch?v=h3gEkwhdXUE,55f3fa202a625136847639c7f69c17889a643c3196d19941e7b812a92849b77d,Wet Wet Wet - Love Is All Around,GBF089400173
212,Under the Bridge,Red Hot Chili Peppers,1991,https://www.youtube.com/watch?v=GLvohMXgcBo,0e49a9153d69eaf48a351487d70e5ef54902a5b31ffbed0df6bebb6c81cf4fc3,Red Hot Chili Peppers - Under The Bridge [Official Music Video],USWB19901576
213,If You Had My Love,Jennifer Lopez,1999,https://www.youtube.com/watch?v=tT5g7I-Itc8,bf5fa0d70d2072a84200757a86bb74a537d8c210936cb651f9ed13dc433879dd,If You Had My Love,USSM19900608
214,I Bet You Look Good On The Dancefloor,Arctic Monkeys,2006,https://www.youtube.com/watch?v=pK7egZaT3hs,a8a33518fb5fadc373e81cbe18bd72fe264ab9764472f44ee2f613561a521dbe,Arctic Monkeys - I Bet You Look Good On The Dancefloor (Official Video),GBCEL0501181
215,Sk8er Boi,Avril Lavigne,2002,https://www.youtube.com/watch?v=TIy3n2b7V9k,59dfcb42ed4d9d3ec779a09271ae3887d703661532424322f0863c2b95dda6d0,Avril Lavigne - Sk8er Boi (Official Video),USAR10200229
216,West End Girls,Pet Shop Boys,1986,https://www.youtube.com/watch?v=U-5A2ypuSLw,d864fd53cd67dd08be1da998d69032cd20f8d10971420518a14ee62fc93800ab,West End Girls (2018 Remaster),GBAYE1700763
217,(I've Had) The Time of My Life,Bill Medley,1987,https://www.youtube.com/watch?v=4BQLE_RrTSU,e64a7fa9c67ae33d4af3e5dd729884adb406a0d38fa58c84228edcf437ee2cd4,"Bill Medley, Jennifer Warnes - (I've Had) The Time Of My Life (Official HD Video",USRC10300895
218,Ironic,Alanis Morissette,1995,https://www.youtube.com/watch?v=H4bIXVTsJck,edbbf31f6637a555323e85ce5cf29c1e7df959471f38ac612020b712ef39ae93,Ironic,USMV21500010
219,Return of the Mack,Mark Morrison,1996,https://www.youtube.com/watch?v=1ZfjB5P7RS0,c04bc92d6089df2815a66219eb1bd1dbd8297d76ea8ff90ccec606446555fb32,Return of the Mack,GBAHT0200668
220,The Hustle,Van McCoy,1975,https://www.youtube.com/watch?v=SFzMs2SN--s,79924af33f66477dbbb36f46c7ab117ee17f6fc3e51c0c8810d3c40bbe588054,Van McCoy - The Hustle (Official Music Video) [HD],USAR49911014
221,Shout,Tears For Fears,1984,https://www.youtube.com/watch?v=Ye7FKc1JQe4,5367d47b39573af9f2e13c6180ed5246511870d3da1caf74d0d548cb3b517ff3,Tears For Fears - Shout (Official Music Video),GBF088490125
222,Viva La Vida,Coldplay,2008,https://www.youtube.com/watch?v=y4zdDXPYo0I,c51e4323985c8a3d56c48972067a11b3591873ce7ddbd3c9b053d0dff76badba,Coldplay - Viva la Vida (Lyrics),GBAYE0800265
223,"Oh, Pretty Woman",Roy Orbison,1964,https://www.youtube.com/watch?v=ozrvHWkG5B8,db341719ce5496ec84ec294e54ecc36061467937badde405e9ff57e661683bd1,Roy Orbison - Oh_ Pretty Woman (1964),USSM16401425
224,What Is Love,Haddaway,1993,https://www.youtube.com/watch?v=OFNrN_6Ta5I,827ba58bccddc641baaabcc950b2ccfcfc0d49be4464e795bd430f93773af23c,Haddaway - What is Love (Audio),DEA410500401
225,Dancing in the Moonlight,Toploader,2000,https://www.youtube.com/watch?v=0yBnIUX0QAE,c0ce6fe7770b0624c88a2f33c505e12079fadf40a9f4bcf565ee7694ef4ac3c8,Toploader - Dancing in the Moonlight (Official Video),GBBBL9902165
226,You Can Call Me Al,Paul Simon,1986,https://www.youtube.com/watch?v=uq-gYOrU8bA,6bd0ccc877db5b667095c448b38e7867267d0dc9ff19dd2a6b564cba7b4d201a,Paul Simon - You Can Call Me Al (Official Video),USSM11002274
227,I Got You (I Feel Good),James Brown & The Famous Flames,1965,https://www.youtube.com/watch?v=pTdihu-mp90,af2e267a8f2475fb0278196a159630d2ab4f4b49f7f4144cf3612a2bc05351e7,James Brown - I Got You (I Feel Good) (Visualizer),USF066625050
228,I Heard It Through The Grapevine,Marvin Gaye,1968,https://www.youtube.com/watch?v=VWG3npfEoHo,9623f7e2f5923c87c0fd9ae2ac0ebd175fbc53f21ad2e7e862ff1619a126b295,I Heard It Through The Grapevine,USMO19582697
229,Someone Like You,Adele,2011,https://www.youtube.com/watch?v=hLQl3WQQoQ0,c746d56530d313e55bdb9d01823497d812f6ace438177bc0d21cc1f43ee412da,Adele - Someone Like You (Official Music Video),GBBKS1000351
230,Twist And Shout,The Isley Brothers,1961,https://www.youtube.com/watch?v=cTaqn8_gMR0,0aa2680965505bb182e9e058282757093c53eb5326e7d89364c6db085498675c,Isley Brothers - Twist and Shout,USACU0500314
231,Self Esteem,The Offspring,1994,https://www.youtube.com/watch?v=EtNZnhxWLHo,20f571ce5827517f706f5321fc4f8f304f44a1792f92b170bdfba78429ebd83f,Self Esteem,USEP40312208
232,Stronger,Kanye West,2007,https://www.youtube.com/watch?v=PsO6ZnUZI0g,41deb56c601fb70af1442aecb17f568010ce795de4adf8a303f4ce532ac81765,Kanye West - Stronger,USUM70741299
233,Under Pressure,Queen,1981,https://www.youtube.com/watch?v=nbwn21TU4ec,c77e0f7b264af5fbf74d4e861306cfe047fcf918f106fed975fb86f1c3235d4e,Under Pressure (2017 Remaster),GBUM71029622
234,Survivor,Destiny's Child,2001,https://www.youtube.com/watch?v=lXAdAa4ZuuY,c10ed5e5e7946f8c88a2eb1183c652e944771738fbd04ff62f8332acada07a99,Survivor - Destiny's Child (Lyrics) #/#/,USSM10019326
235,Celebration,Kool & The Gang,1980,https://www.youtube.com/watch?v=3GwjfUFyY6M,365321221854c653056621b16001b1c123b168ff2e003791e971a1d7d69f0d1b,Kool & The Gang - Celebration,USPR38007190
236,"Hey, Soul Sister",Train,2009,https://www.youtube.com/watch?v=kVpv8-5XWOI,2e631b35f67c4675ccfc7b47189974ec12e0c3964cc47b6abadc5ffdab34024b,"Train - Hey, Soul Sister (Official Video)",USSM10904113
237,Baggy Trousers,Madness,1980,https://www.youtube.com/watch?v=Dc3AovUZgvo,1d708e0c47792f571cdc6f17473203ee4ba758517cf40db29a60dd7badf2f499,Madness - Baggy Trousers (Official 4K Video),GB7GZ0900026
238,Jolene,Dolly Parton,1973,https://www.youtube.com/watch?v=Ixrje2rXLMA,280999dd31c616447d892337cceb0ec01988f74f8414a3c96a55a55815493648,Dolly Parton - Jolene (Audio),USRN19600096
239,Firestarter,The Prodigy,1997,https://www.youtube.com/watch?v=wmin5WkOuPw,9cebfa4ed64c67da9742951f21ddce241b5089fe1e0d206a77c5c76a8eb3c738,The Prodigy - Firestarter (Official Video),GBBKS9700080
240,Surfin' U.S.A. (Mono),The Beach Boys,1963,https://www.youtube.com/watch?v=enlOHxQ0tb4,9b705eb8215f17ca52d80a46433ff806004311b97b7d0c14c8e6c354a9757ce9,The Beach Boys - Surfin' U.S.A. (Lyric Video),USCA21201943
241,Crazy,Seal,1991,https://www.youtube.com/watch?v=4Fc67yQsPqQ,c069985f5b52a99dc9519bb5d93bb586d386c8fc4f32f43ba3fa9f97b9cade18,Seal - Crazy (Official Music Video) [HD],USWB19000051
242,Smile,Lily Allen,2006,https://www.youtube.com/watch?v=0WxDrVUrSvI,497430102bebd1c72a469c34c643aba52552edfbf5810ccea7e1528c82d3c7e7,Lily Allen | Smile (Official Video),GBAYE0600634
243,Should I Stay or Should I Go,The Clash,1982,https://www.youtube.com/watch?v=xMaE6toi4mk,057051e7ea5b594d305a1aaa949bca4032c37ef500a915b013bbfb330392cd34,The Clash - Should I Stay or Should I Go (Official Video),GBARL1200670
244,Dilemma (feat. Kelly Rowland),Nelly,2002,https://www.youtube.com/watch?v=8WYHDfJDPDc,25766dcd07418cae7a88f380174b1a117c4d71d3a9725222a064f5bdbc9c9932,Nelly - Dilemma (Official Music Video) ft. Kelly Rowland,USSM10211190
245,(We're Gonna) Rock Around The Clock,Bill Haley & His Comets,1954,https://www.youtube.com/watch?v=_hXxX7ymRJc,c035c288604e5db7bddb2f1bd74ca77196f893a075897ca49315afcee7b343d3,Bill Haley & His Comets - Rock Around The Clock [Official Music Video],USMC15486163
246,Hips Don't Lie (feat. Wyclef Jean),Shakira,2005,https://www.youtube.com/watch?v=nOj6d-HOw2w,f5f4f57fc918815f33e8cc618fc63cfcf854eb957cf96ff4f78c42eb67d26f6d,Hips Don't Lie,USSM10600677
247,Bad Habits,Ed Sheeran,2021,https://www.youtube.com/watch?v=HeOpRzcqKrE,76d22539d939804835a0577ed94efb3652305f30c5816424db9a6234c83d7648,Ed Sheeran - Bad Habits [Official Lyric Video],GBAHS2100318
248,The Wanderer,Dion,1961,https://www.youtube.com/watch?v=SbYa7NBYyRc,30f85eb0e4d108a63a7f71beaf20508c7e1a47526a3c3c49f7c67c19f3a1e1dd,The Wanderer,USLA18800001
249,It's My Life,Bon Jovi,2000,https://www.youtube.com/watch?v=VyZeqzWvR7w,58ed8b8fc9fbc58374e0f4d76908e97436f4db341a1197b6f05a215f8b0bbbb4,It's My Life - Bon Jovi (Lyrics) #/#/,USIR20000145
250,Everywhere,Fleetwood Mac,1987,https://www.youtube.com/watch?v=YF1R0hc5Q2I,731d94dc636460c5ceadbe182c618adab30f58f7c56292800a4c1bee1ce2a822,Fleetwood Mac - Everywhere (Official Music Video) [HD],USRH11602189
251,Family Affair,Mary J. Blige,2001,https://www.youtube.com/watch?v=1wh_UYUA0oA,5c67cfba23f77071920169182429dc7b28dad405ba2a0ff42428fbd6d6a67890,Mary J. Blige - Family Affair (Lyrics),USMC10111369
252,Heaven,Bryan Adams,1984,https://www.youtube.com/watch?v=vf3zFvcKQkw,56449b2bbcaed2fe4393da7f300fd87afae5d325c74ae2b8361a7a5ecd26d2d6,Bryan Adams - Heaven (Classic Version),USAM18490004
253,Stay,The Kid LAROI & Justin Bieber,2022,https://www.youtube.com/watch?v=kTJczUoc26U,5c15eeb223362a3bb6c32c6c6e86351f6d8fe6271809acdcd09c76a91b58158f,The Kid LAROI; Justin Bieber - STAY (Official Video),USSM12103949
254,Head & Heart (feat. MNEK),Joel Corry,2020,https://www.youtube.com/watch?v=CRuOOxF-ENQ,803b7f8dade1908a278d67572ddf81dbf27fda4c5df79e2bc1a203fe47bc9b41,Joel Corry x MNEK - Head & Heart [Official Video],UK4ZF2000305
255,Waterloo Sunset,The Kinks,1967,https://www.youtube.com/watch?v=N_MqfF0WBsU,f308e52a86cc5a3a51e34bd1f95de23975b2efe45172e134d0d085828e3356e9,The Kinks - Waterloo Sunset (Official Audio),GBAJE6700003
256,Zombie,The Cranberries,1994,https://www.youtube.com/watch?v=8sM-rm4lFZg,88ca0e4f66be807932f0a51348a8e36831d36649bddf70f2122d10c84752b008,Zombie - The Cranberries (Lyrics) #/#/,USIR29400443
257,Someone You Loved,Lewis Capaldi,2018,https://www.youtube.com/watch?v=FGGo8LFmbjs,2592d79ae1cada12e3d5aa1bc10080cd9e30cdb1b50c97cddfc63cee116589ea,Lewis Capaldi - Someone You Loved (Lyrics),DEUM71807062
258,Africa,TOTO,1982,https://www.youtube.com/watch?v=FTQbiNvZqaY,7bca89f29ffc2a3f692285af89d200b2ad045e02c99ff4e75cceb8f4864b93f0,Toto - Africa (Official HD Video),USSM19801941
259,Crazy,Gnarls Barkley,2006,https://www.youtube.com/watch?v=gFtjckFWRZM,43b6bda20187deca21ffeea81acd8204a1540bed729dbf07a97819d4705865cd,Crazy,USAT20611041
260,"Signed, Sealed, Delivered (I'm Yours)",Stevie Wonder,1970,https://www.youtube.com/watch?v=inXC_lab-34,e4a15e7d4c4e7bd084da77d8f797be37ebcf2f8a9794b46d1ab635ed4610ecf2,"Stevie Wonder- Signed, Sealed, Delivered, I'm Yours",USMO17082643
261,I've Got a Woman,Ray Charles,1954,https://www.youtube.com/watch?v=CnI_LuCJ4Ek,4a3b10b8c782f28d75ebcc4af005b5dda33a73894842ad89e4880b350aa192bd,Ray Charles - I got a woman,USAT29902160
262,Black Hole Sun,Soundgarden,1994,https://www.youtube.com/watch?v=3mbBbFH9fAg,4b8f5665d4f3bbc43eb060f521db4aa14e31a9469696dee7ba323b2a3593bdba,Soundgarden - Black Hole Sun,USAM19400007
263,Reach,S Club,2000,https://www.youtube.com/watch?v=50kP4S0peAs,be6b949aa72310c60a91590be881394da55bd42442814dc3267a2756d715abb8,S Club - Reach,GBCVL9900031
264,Feel,Robbie Williams,2002,https://www.youtube.com/watch?v=eK_tpyqtnsg,794b88f42bf45128f7a5881cde556a1594d12579b611827f2bb76222825b6802,Feel,GBFFG0200002
265,Let's Dance,David Bowie,1983,https://www.youtube.com/watch?v=VbD_kBJc_gI,c50ab2f53760cb85e53d65821631d09fd2f269246796fea1029947103ae64af9,David Bowie - Let's Dance (Official Video) [HD],USJT11700482
266,Because of You,Kelly Clarkson,2005,https://www.youtube.com/watch?v=Ra-Om7UMSJc,aec78f643cb0750924dd3d5d8c0e98b4058e46c8323ff8e55f1dc242525c2390,Kelly Clarkson - Because Of You (VIDEO),GBCTA0400265
267,In Da Club,50 Cent,2003,https://www.youtube.com/watch?v=5qm8PH4xAss,f1ed46008366744d97c86cfe07b6c4ddd59afa27d9052a8ecfac6284019f3fb7,50 Cent - In Da Club (Official Music Video),USIR10300033
268,Watermelon Sugar,Harry Styles,2020,https://www.youtube.com/watch?v=7-x3uD5z1bQ,0c5e3eb3dd6ed1892f1e997459ba315bee9cadcd129279c678665c9a629473ef,Harry Styles - Watermelon Sugar (Official Audio),USSM11912587
269,Strangers In The Night,Frank Sinatra,1966,https://www.youtube.com/watch?v=BTOeRwIUnG0,b3d2173db28a1b63912434a443ea13383812fdac01b19c3bc9aec893c31db3b7,Strangers In The Night,USRH10800935
270,Light My Fire,The Doors,1967,https://www.youtube.com/watch?v=qoX6AKuYWL8,06c8c7fa32ab3bf7d38e9fd97d13e2ccc0d6d64e6c087f6efecfc0f0d50b60db,Light My Fire (2017 Remaster),USEE19900203
271,Star Girl,McFly,2006,https://www.youtube.com/watch?v=w9tO3H_4sjo,4cf81718a0418ccdea58c9d621e7b8e8e9ace42d7d2964febd2744f15a8bae40,Star Girl,GBUM70603990
272,Start Me Up,The Rolling Stones,1981,https://www.youtube.com/watch?v=ZzlgJ-SfKYE,bc40410878eb5e1c2e82fc9015ed230de97fd95c8a1eb94c9755ecf9f70f900a,Rolling Stones-start me up,GBUM70909474
273,Life on Mars?,David Bowie,1971,https://www.youtube.com/watch?v=AZKcl4-tcuo,9aa92ff28962d008cff7d7f2dea0ff5058ffe1d2c111d5734c99a61ebff040ff,David Bowie - Life On Mars? (Official Video),USJT19900030
274,Sweet Caroline,Neil Diamond,1969,https://www.youtube.com/watch?v=4F_RCWVoL4s,691b159034acb0d981b7df767b849065a7110030fc85650c388095d5b76a1ae1,Neil Diamond - Sweet Caroline (Audio),USMC16991138
275,Baker Street,Gerry Rafferty,1978,https://www.youtube.com/watch?v=Fo6aKnRnBxM,f21095d4fc933d4af72337edb7d621c68f7dd4cd824b2091735a6e008f2ecd22,Gerry Rafferty - Baker Street (Official Video),GBAYE7800619
276,Walk This Way,Aerosmith,1975,https://www.youtube.com/watch?v=4c8O2n1Gfto,707ae4aa5082aa8e2ea38e1a4760c58c6bbce82e4c8a0a07079b849daf4c75a7,Aerosmith - Walk This Way (Audio),USSM19906481
277,Club Foot,Kasabian,2004,https://www.youtube.com/watch?v=EzXf-lOXsn4,8cfdf63e60b53238c6dda70fb4414100ac5a31db18472f2333a7c149c9eb2f01,Club Foot (Edit),GBARL0400705
278,Wheel Of Fortune,Kay Starr,1952,https://www.youtube.com/watch?v=OeIce5NsWKk,69bbca11660a5c6b616ffd83eb99b309e5562517c6847898a12e2926f76b2160,Kay Starr - Wheel Of Fortune 1952,USCA29000230
279,The Joker,Steve Miller Band,1974,https://www.youtube.com/watch?v=q3mfENm6VJc,7ea81465ea1c697f8b29b7db65b9524adfcf2c6a454c3fb10319d444eddbd465,The Joker,USCA29100532
280,"December, 1963 (Oh What a Night!)",The Four Seasons,1975,https://www.youtube.com/watch?v=mTUhnIY3oRM,0b2cdf8c60463402da9aa2fe7a7f92cbdfa31a42b04723609c04952e48a42015,"Frankie Valli & The Four Seasons - December, 1963 (Oh, What a Night) (Official M",USRH10175221
281,Piano Man,Billy Joel,1973,https://www.youtube.com/watch?v=QwVjTlTdIDQ,a2aad168e6f73e9acd0d451f7fad95e07a6f9f02181410eb3a7a8f6eb5eed344,Billy Joel - Piano Man (Audio),USSM17300504
282,I Like You (A Happier Song) (with Doja Cat),Post Malone,2022,https://www.youtube.com/watch?v=7aekxC_monc,8d8d75f8c0b0aef71534ec72fd9d2dee6671ffacd96c151c00d01f0eb1c3ba67,Post Malone - I Like You (A Happier Song) w. Doja Cat [Official Music Video],USUM72208023
283,HUMBLE.,Kendrick Lamar,2017,https://www.youtube.com/watch?v=tvTRZJ-4EyI,ed9c5657163dcbf6456519f0271258fb1d768def98375a2f279dea8a621d7409,Kendrick Lamar - HUMBLE.,USUM71703085
284,"Rocket Man (I Think It's Going To Be A Long, Long Time)",Elton John,1972,https://www.youtube.com/watch?v=DtVBCG6ThDk,f007231858b97664677acf57bd39c62ef6bdd260a8f801295f9f3a7a3061a272,Elton John - Rocket Man (Official Music Video),GBAMB7200006
285,Price Tag,Jessie J,2011,https://www.youtube.com/watch?v=wukKxuxKZMU,fd0e0b122db9b884fb334ac184741951e608c8f32c0a7e8b3399837954178876,Price Tag - Jessie J (Lyrics) #/#/,USUM71029357
286,Lust For Life,Iggy Pop,1977,https://www.youtube.com/watch?v=jQvUBf5l7Vw,a7d364cc2465f0813c536d889903f062a3cfad68bf2abfc218abde5cec04bfe1,Iggy Pop - Lust For Life,USTM39200001
287,Umbrella,Rihanna,2007,https://www.youtube.com/watch?v=CvBfHwUxHIk,d768184995db922d222e11cd5d244add75e75e88986ad570056a90bdf309a8d4,Rihanna - Umbrella (Orange Version) (Official Music Video) ft. JAY-Z,USUM70736771
288,Jump Around,House Of Pain,1992,https://www.youtube.com/watch?v=jrL_LzX5wv4,1bfd392ac8ae843e00ce1c17c8d288de95faec6c51e361a3b74cfc453cfd7252,House of Pain - Jump Around (Official 4K Music Video),USTB10300119
289,Take A Chance On Me,ABBA,1978,https://www.youtube.com/watch?v=-crgQGdpZR0,1035bef5fd3633f480b7684b19cfad47d1d1d757103c7c0e2d08116bb792e3a4,ABBA - Take A Chance On Me (Official Music Video),SEAYD7702020
290,Levitating,Dua Lipa,2020,https://www.youtube.com/watch?v=TUVcZfQe-Kw,c7a8b1dad16259e14c2e4588350e0b8fd45d335d898eade2fbf57fe63fbb0e6a,Dua Lipa - Levitating Featuring DaBaby (Official Music Video),GBAHT1901299
291,Symphony (feat. Zara Larsson),Clean Bandit,2018,https://www.youtube.com/watch?v=6uBBR6_5mQo,84e26cc096c35d26b08b745c346fb7981b21409031f6be7b2a5e4e6ef38c198b,Clean Bandit - Symphony (feat. Zara Larsson) [Official Music Video],GBAHS1700199
292,Shotgun,George Ezra,2018,https://www.youtube.com/watch?v=aAiVsqfbn5g,a117101193ac06c75149e021032816b1c3ab9404aba7058ef4eec58d3b94bb65,George Ezra - Shotgun (Official Video),GBARL1701372
293,Sex on Fire,Kings of Leon,2008,https://www.youtube.com/watch?v=RF0HhrwIwp0,c8dd0bec972f5e5439f4337f26b5bb59971c6f79d3580d5172345a1e9a94691c,Kings Of Leon - Sex on Fire (Official Video),USRC10800300
294,Waka Waka,Shakira,2010,https://youtu.be/pRpeEdMmmQ0?t=12,7d869d04671b2337a1fe45f42046e5cebaad9e27ded35a9a30850337456eada9,Shakira - Waka Waka (This Time for Africa) (The Official 2010 FIFA World Cup(TM),USSM11001353
295,Surf City,Jan & Dean,1963,https://www.youtube.com/watch?v=ERrwjR4ZlfI,1f910eb55ef3b926427d0cef3a3a33dd1ce501f4e122305f5cff58eff6e5df7c,Jan & Dean - Surf City - 1963,USDEI7703506
296,SexyBack (feat. Timbaland),Justin Timberlake,2006,https://www.youtube.com/watch?v=3gOHvDP_vCs,f89c815790838b4739b0bf7573c8b0ef2d920f463e3de4df6809c018e25b1bd1,Justin Timberlake - SexyBack (Official Video) ft. Timbaland,USJI10600269
297,Me and Bobby McGee,Janis Joplin,1971,https://www.youtube.com/watch?v=5Cg-j0X09Ag,f65cafea05c602c7e67c2d591bb903f9bb85890a262e739ae81bfeddac7b32b1,Janis Joplin - Me and Bobby McGee (Official Music Video),USSM17000790
298,Easy,Commodores,1977,https://www.youtube.com/watch?v=wn-PuZnhdNo,6c0182126e5a85ac7d6b9cabe24d06c688ef876f7bca5ef9b3c469313af0b7d2,Commodores - Easy (Live),USMO17700543
299,21 Seconds,So Solid Crew,2001,https://www.youtube.com/watch?v=g7VhofoV3qs,1279ddbd65cbdc1703fc1589c4f5cec57cd02af33412c86e0bbcbf1ea0794c36,So Solid Crew - 21 Seconds (Official HD Video),GBEBM0100011
300,"Another Brick in the Wall, Pt. 2",Pink Floyd,1979,https://www.youtube.com/watch?v=HrxX9TBj2zY,22b95918b299cb02ba063eca13e4ded764016d4e9f1fec445f81935550a66898,Pink Floyd - Another Brick In The Wall_ Part Two (Official Music Video),GBN9Y1100099
301,I'll Be There,Jess Glynne,2018,https://www.youtube.com/watch?v=qGIezDF4CEo,3039df8f6e9f5b3dd3700ed9ddc345a60edd8d6ed23b43c4c66b23b7c7d32110,Jess Glynne Performs 'I'll Be There' LIVE on The Graham Norton Show,GBAHS1800322
302,"Monday, Monday",The Mamas & The Papas,1966,https://www.youtube.com/watch?v=sWGh92O9kxU,abdbffc2488bb5ec60289a5e4c93b84895fee72ad345632ad4c377453d7b5500,"Monday, Monday",USMC16546367
303,Tequila,The Champs,1958,https://www.youtube.com/watch?v=U_JFLb1IItM,28035f660a05e7001d76f699a34fe57dc949843c8347fcbd8ec4cc45ae461278,Tequila,USATV0500278
304,Bohemian Rhapsody,Queen,1975,https://www.youtube.com/watch?v=fJ9rUzIMcZQ,d0a3355898f0c40b637de792416161967e71d3c774fba2959df274808cffc0de,Queen - Bohemian Rhapsody (Official Video Remastered),GBUM71029604
305,Bridge Over Troubled Water,Simon & Garfunkel,1970,https://www.youtube.com/watch?v=4G-YQA_bsOU,f2b625b3febdd0994b55d99a355a82e19c7297f795320410c698e93b6b96d36c,Simon & Garfunkel - Bridge Over Troubled Water (Audio),USSM16900808
306,Waterloo,ABBA,1974,https://www.youtube.com/watch?v=Sj_9CiNkkn4,c646d8b8ee151cfc64a3035caf9e94a1cadfd70ce317c6edf68ff3cec415506d,ABBA - Waterloo (Official Music Video),SEAYD7415010
307,White Room,Cream,1968,https://www.youtube.com/watch?v=VR90gQ-SIaY,060a34377d9b4b2935ed2b71c732b74dd3b476201889b6cafce01c02323e8b7d,Cream - White Room - Lyrics,GBA076800030
308,Baby,Justin Bieber,2010,https://www.youtube.com/watch?v=GqWYJT-iMTw,aea3654eaccc92d8592daddc267023c0a02f906a0072d22ac7710850ef11664c,Baby,USUM70919263
